{
    "total_runtime": 279.80258297920227,
    "num_documents": 2,
    "input_load_time": 0,
    "workflows": {
        "create_base_text_units": {
            "overall": 4.649702072143555,
            "0_orderby": 0.004158973693847656,
            "1_zip": 0.001680135726928711,
            "2_aggregate_override": 0.013833999633789062,
            "3_chunk": 4.599708080291748,
            "4_select": 0.0036149024963378906,
            "5_unroll": 0.005109071731567383,
            "6_rename": 0.001737356185913086,
            "7_genid": 0.004364013671875,
            "8_unzip": 0.002585172653198242,
            "9_copy": 0.0019791126251220703,
            "10_filter": 0.009511947631835938
        },
        "create_base_extracted_entities": {
            "overall": 108.53697085380554,
            "0_entity_extract": 108.4808931350708,
            "1_merge_graphs": 0.05380415916442871
        },
        "create_summarized_entities": {
            "overall": 47.5859899520874,
            "0_summarize_descriptions": 47.58352994918823
        },
        "create_base_entity_graph": {
            "overall": 0.08216118812561035,
            "0_cluster_graph": 0.07693099975585938,
            "1_select": 0.002741098403930664
        },
        "create_final_entities": {
            "overall": 2.455575942993164,
            "0_unpack_graph": 0.034089088439941406,
            "1_rename": 0.0034630298614501953,
            "2_select": 0.003641843795776367,
            "3_dedupe": 0.006577968597412109,
            "4_rename": 0.003592967987060547,
            "5_filter": 0.010251998901367188,
            "6_text_split": 0.005475044250488281,
            "7_drop": 0.0035982131958007812,
            "8_merge": 0.02105426788330078,
            "9_text_embed": 2.344391107559204,
            "10_drop": 0.005068063735961914,
            "11_filter": 0.011394023895263672
        },
        "create_final_nodes": {
            "overall": 0.3684561252593994,
            "0_layout_graph": 0.15315508842468262,
            "1_unpack_graph": 0.11275887489318848,
            "2_unpack_graph": 0.03351092338562012,
            "3_filter": 0.014886856079101562,
            "4_drop": 0.004909992218017578,
            "5_select": 0.004572868347167969,
            "6_rename": 0.00451207160949707,
            "7_convert": 0.018574237823486328,
            "8_join": 0.010318756103515625,
            "9_rename": 0.005597114562988281
        },
        "create_final_communities": {
            "overall": 0.22965002059936523,
            "0_unpack_graph": 0.03116297721862793,
            "1_unpack_graph": 0.03167986869812012,
            "2_aggregate_override": 0.009439945220947266,
            "3_join": 0.010323762893676758,
            "4_join": 0.010329961776733398,
            "5_concat": 0.00868988037109375,
            "6_filter": 0.05050492286682129,
            "7_aggregate_override": 0.011600017547607422,
            "8_join": 0.008221149444580078,
            "9_filter": 0.015625953674316406,
            "10_fill": 0.006902933120727539,
            "11_merge": 0.010930776596069336,
            "12_copy": 0.008388042449951172,
            "13_select": 0.01042795181274414
        },
        "join_text_units_to_entity_ids": {
            "overall": 0.032253265380859375,
            "0_select": 0.006959199905395508,
            "1_unroll": 0.007977008819580078,
            "2_aggregate_override": 0.010497093200683594
        },
        "create_final_relationships": {
            "overall": 0.17047810554504395,
            "0_unpack_graph": 0.036064863204956055,
            "1_filter": 0.05242586135864258,
            "2_rename": 0.010859966278076172,
            "3_filter": 0.020647048950195312,
            "4_drop": 0.008201837539672852,
            "5_compute_edge_combined_degree": 0.010024070739746094,
            "6_convert": 0.016674041748046875,
            "7_convert": 0.008411884307861328
        },
        "join_text_units_to_relationship_ids": {
            "overall": 0.0456540584564209,
            "0_select": 0.008500814437866211,
            "1_unroll": 0.009002923965454102,
            "2_aggregate_override": 0.01149892807006836,
            "3_select": 0.008648157119750977
        },
        "create_final_community_reports": {
            "overall": 113.39906883239746,
            "0_prepare_community_reports_nodes": 0.014748811721801758,
            "1_prepare_community_reports_edges": 0.010782003402709961,
            "2_restore_community_hierarchy": 0.01090693473815918,
            "3_prepare_community_reports": 0.2394428253173828,
            "4_create_community_reports": 113.09960436820984,
            "5_window": 0.01453709602355957
        },
        "create_final_text_units": {
            "overall": 0.08517098426818848,
            "0_select": 0.009962081909179688,
            "1_rename": 0.009661197662353516,
            "2_join": 0.012372970581054688,
            "3_join": 0.018667936325073242,
            "4_aggregate_override": 0.011176109313964844,
            "5_select": 0.009686946868896484
        },
        "create_base_documents": {
            "overall": 0.19722509384155273,
            "0_unroll": 0.017772912979125977,
            "1_select": 0.012871265411376953,
            "2_rename": 0.01669001579284668,
            "3_join": 0.011981010437011719,
            "4_aggregate_override": 0.011123418807983398,
            "5_join": 0.011780738830566406,
            "6_rename": 0.01102590560913086,
            "7_convert": 0.08248710632324219
        },
        "create_final_documents": {
            "overall": 0.021179914474487305,
            "0_rename": 0.010905981063842773
        }
    }
}